{
  "results": [
    {
      "command": "env -u RUSTFLAGS -u CARGO_ENCODED_RUSTFLAGS -u RUSTC_WRAPPER     -u CARGO_PROFILE_RELEASE_INCREMENTAL cargo build --release",
      "mean": 184.04775849957332,
      "stddev": 12.317658870601182,
      "median": 177.34536802224,
      "user": 362.05096340666665,
      "system": 17.58016795333333,
      "min": 176.53464559324,
      "max": 198.26326188324,
      "times": [
        198.26326188324,
        176.53464559324,
        177.34536802224
      ],
      "exit_codes": [
        0,
        0,
        0
      ]
    },
    {
      "command": "env -u RUSTFLAGS -u CARGO_ENCODED_RUSTFLAGS -u RUSTC_WRAPPER     -u CARGO_PROFILE_RELEASE_INCREMENTAL RUSTFLAGS='-Clinker=clang -Clink-args=--ld-path=wild' cargo build --release",
      "mean": 185.90217872623998,
      "stddev": 12.613806407014767,
      "median": 179.12119613624,
      "user": 358.66041407333336,
      "system": 17.292487286666667,
      "min": 178.12925574024,
      "max": 200.45608430224,
      "times": [
        200.45608430224,
        179.12119613624,
        178.12925574024
      ],
      "exit_codes": [
        0,
        0,
        0
      ]
    },
    {
      "command": "env -u RUSTFLAGS -u CARGO_ENCODED_RUSTFLAGS -u RUSTC_WRAPPER     -u CARGO_PROFILE_RELEASE_INCREMENTAL mold -run cargo build --release",
      "mean": 179.11241470457333,
      "stddev": 0.09092605185723478,
      "median": 179.14131856624,
      "user": 359.9118534066667,
      "system": 16.76536095333333,
      "min": 179.01055012024,
      "max": 179.18537542724,
      "times": [
        179.18537542724,
        179.14131856624,
        179.01055012024
      ],
      "exit_codes": [
        0,
        0,
        0
      ]
    }
  ]
}
