{
  "results": [
    {
      "command": "cargo build --profile dev",
      "mean": 62.593411473506656,
      "stddev": 10.334354479121584,
      "median": 56.76895141784,
      "user": 68.12573113333332,
      "system": 16.237857353333336,
      "min": 56.48590584584,
      "max": 74.52537715684,
      "times": [
        74.52537715684,
        56.76895141784,
        56.48590584584
      ],
      "exit_codes": [
        0,
        0,
        0
      ]
    }
  ]
}
